<?xml version="1.0" encoding="UTF-8"?>
<project-private xmlns="http://www.netbeans.org/ns/project-private/1">
    <data xmlns="http://www.netbeans.org/ns/make-project-private/1">
        <activeConfTypeElem>1</activeConfTypeElem>
        <activeConfIndexElem>0</activeConfIndexElem>
    </data>
    <editor-bookmarks xmlns="http://www.netbeans.org/ns/editor-bookmarks/2" lastBookmarkId="0"/>
    <open-files xmlns="http://www.netbeans.org/ns/projectui-open-files/2">
        <group>
            <file>file:/T:/EXAMEN2/Pregunta03ListaPallets/BasePallet.cpp</file>
            <file>file:/T:/EXAMEN2/Pregunta03ListaPallets/Pallet.cpp</file>
            <file>file:/T:/EXAMEN2/Pregunta03ListaPallets/BasePallet.h</file>
            <file>file:/T:/EXAMEN2/Pregunta03ListaPallets/ListaPallets.cpp</file>
            <file>file:/T:/EXAMEN2/Pregunta03ListaPallets/Pallet.h</file>
            <file>file:/T:/EXAMEN2/Pregunta03ListaPallets/NodoPallet.cpp</file>
            <file>file:/T:/EXAMEN2/Pregunta03ListaPallets/ListaPallets.h</file>
            <file>file:/T:/EXAMEN2/Pregunta03ListaPallets/PalletUS.h</file>
            <file>file:/T:/EXAMEN2/Pregunta03ListaPallets/main.cpp</file>
            <file>file:/T:/EXAMEN2/Pregunta03ListaPallets/NodoPallet.h</file>
            <file>file:/T:/EXAMEN2/Pregunta03ListaPallets/PalletEU.h</file>
        </group>
    </open-files>
</project-private>
