<?xml version="1.0" encoding="UTF-8"?>
<configurationDescriptor version="100">
  <logicalFolder name="root" displayName="root" projectFiles="true" kind="ROOT">
    <logicalFolder name="HeaderFiles"
                   displayName="Header Files"
                   projectFiles="true">
      <itemPath>Alumno.h</itemPath>
      <itemPath>Curso.h</itemPath>
      <itemPath>CursoNotas.h</itemPath>
      <itemPath>Intercambio.h</itemPath>
      <itemPath>Lista.h</itemPath>
      <itemPath>ListaCursos.h</itemPath>
      <itemPath>Matricula.h</itemPath>
      <itemPath>Nacional.h</itemPath>
      <itemPath>NodoCurso.h</itemPath>
      <itemPath>NodoLista.h</itemPath>
    </logicalFolder>
    <logicalFolder name="ResourceFiles"
                   displayName="Resource Files"
                   projectFiles="true">
    </logicalFolder>
    <logicalFolder name="SourceFiles"
                   displayName="Source Files"
                   projectFiles="true">
      <itemPath>Alumno.cpp</itemPath>
      <itemPath>Curso.cpp</itemPath>
      <itemPath>CursoNotas.cpp</itemPath>
      <itemPath>Intercambio.cpp</itemPath>
      <itemPath>Lista.cpp</itemPath>
      <itemPath>ListaCursos.cpp</itemPath>
      <itemPath>Matricula.cpp</itemPath>
      <itemPath>Nacional.cpp</itemPath>
      <itemPath>NodoCurso.cpp</itemPath>
      <itemPath>NodoLista.cpp</itemPath>
      <itemPath>main.cpp</itemPath>
    </logicalFolder>
    <logicalFolder name="TestFiles"
                   displayName="Test Files"
                   projectFiles="false"
                   kind="TEST_LOGICAL_FOLDER">
    </logicalFolder>
    <logicalFolder name="ExternalFiles"
                   displayName="Important Files"
                   projectFiles="false"
                   kind="IMPORTANT_FILES_FOLDER">
      <itemPath>Makefile</itemPath>
    </logicalFolder>
  </logicalFolder>
  <projectmakefile>Makefile</projectmakefile>
  <confs>
    <conf name="Debug" type="1">
      <toolsSet>
        <compilerSet>default</compilerSet>
        <dependencyChecking>true</dependencyChecking>
        <rebuildPropChanged>false</rebuildPropChanged>
      </toolsSet>
      <compileType>
        <ccTool>
          <standard>11</standard>
        </ccTool>
      </compileType>
      <item path="Alumno.cpp" ex="false" tool="1" flavor2="0">
      </item>
      <item path="Alumno.h" ex="false" tool="3" flavor2="0">
      </item>
      <item path="Curso.cpp" ex="false" tool="1" flavor2="0">
      </item>
      <item path="Curso.h" ex="false" tool="3" flavor2="0">
      </item>
      <item path="CursoNotas.cpp" ex="false" tool="1" flavor2="0">
      </item>
      <item path="CursoNotas.h" ex="false" tool="3" flavor2="0">
      </item>
      <item path="Intercambio.cpp" ex="false" tool="1" flavor2="0">
      </item>
      <item path="Intercambio.h" ex="false" tool="3" flavor2="0">
      </item>
      <item path="Lista.cpp" ex="false" tool="1" flavor2="0">
      </item>
      <item path="Lista.h" ex="false" tool="3" flavor2="0">
      </item>
      <item path="ListaCursos.cpp" ex="false" tool="1" flavor2="0">
      </item>
      <item path="ListaCursos.h" ex="false" tool="3" flavor2="0">
      </item>
      <item path="Matricula.cpp" ex="false" tool="1" flavor2="0">
      </item>
      <item path="Matricula.h" ex="false" tool="3" flavor2="0">
      </item>
      <item path="Nacional.cpp" ex="false" tool="1" flavor2="0">
      </item>
      <item path="Nacional.h" ex="false" tool="3" flavor2="0">
      </item>
      <item path="NodoCurso.cpp" ex="false" tool="1" flavor2="0">
      </item>
      <item path="NodoCurso.h" ex="false" tool="3" flavor2="0">
      </item>
      <item path="NodoLista.cpp" ex="false" tool="1" flavor2="0">
      </item>
      <item path="NodoLista.h" ex="false" tool="3" flavor2="0">
      </item>
      <item path="main.cpp" ex="false" tool="1" flavor2="0">
      </item>
    </conf>
    <conf name="Release" type="1">
      <toolsSet>
        <compilerSet>default</compilerSet>
        <dependencyChecking>true</dependencyChecking>
        <rebuildPropChanged>false</rebuildPropChanged>
      </toolsSet>
      <compileType>
        <cTool>
          <developmentMode>5</developmentMode>
        </cTool>
        <ccTool>
          <developmentMode>5</developmentMode>
          <standard>11</standard>
        </ccTool>
        <fortranCompilerTool>
          <developmentMode>5</developmentMode>
        </fortranCompilerTool>
        <asmTool>
          <developmentMode>5</developmentMode>
        </asmTool>
      </compileType>
      <item path="Alumno.cpp" ex="false" tool="1" flavor2="0">
      </item>
      <item path="Alumno.h" ex="false" tool="3" flavor2="0">
      </item>
      <item path="Curso.cpp" ex="false" tool="1" flavor2="0">
      </item>
      <item path="Curso.h" ex="false" tool="3" flavor2="0">
      </item>
      <item path="CursoNotas.cpp" ex="false" tool="1" flavor2="0">
      </item>
      <item path="CursoNotas.h" ex="false" tool="3" flavor2="0">
      </item>
      <item path="Intercambio.cpp" ex="false" tool="1" flavor2="0">
      </item>
      <item path="Intercambio.h" ex="false" tool="3" flavor2="0">
      </item>
      <item path="Lista.cpp" ex="false" tool="1" flavor2="0">
      </item>
      <item path="Lista.h" ex="false" tool="3" flavor2="0">
      </item>
      <item path="ListaCursos.cpp" ex="false" tool="1" flavor2="0">
      </item>
      <item path="ListaCursos.h" ex="false" tool="3" flavor2="0">
      </item>
      <item path="Matricula.cpp" ex="false" tool="1" flavor2="0">
      </item>
      <item path="Matricula.h" ex="false" tool="3" flavor2="0">
      </item>
      <item path="Nacional.cpp" ex="false" tool="1" flavor2="0">
      </item>
      <item path="Nacional.h" ex="false" tool="3" flavor2="0">
      </item>
      <item path="NodoCurso.cpp" ex="false" tool="1" flavor2="0">
      </item>
      <item path="NodoCurso.h" ex="false" tool="3" flavor2="0">
      </item>
      <item path="NodoLista.cpp" ex="false" tool="1" flavor2="0">
      </item>
      <item path="NodoLista.h" ex="false" tool="3" flavor2="0">
      </item>
      <item path="main.cpp" ex="false" tool="1" flavor2="0">
      </item>
    </conf>
  </confs>
</configurationDescriptor>
