<?xml version="1.0" encoding="UTF-8"?>
<project-private xmlns="http://www.netbeans.org/ns/project-private/1">
    <data xmlns="http://www.netbeans.org/ns/make-project-private/1">
        <activeConfTypeElem>1</activeConfTypeElem>
        <activeConfIndexElem>0</activeConfIndexElem>
    </data>
    <editor-bookmarks xmlns="http://www.netbeans.org/ns/editor-bookmarks/2" lastBookmarkId="0"/>
    <open-files xmlns="http://www.netbeans.org/ns/projectui-open-files/2">
        <group>
            <file>file:/C:/Users/La%20Rosa/Desktop/LP1/Parcial/2018-2/Examen-Preg-02/main.cpp</file>
            <file>file:/C:/Users/La%20Rosa/Desktop/LP1/Parcial/2018-2/Examen-Preg-02/Func-Ex-Preg02.cpp</file>
            <file>file:/C:/Users/La%20Rosa/Desktop/LP1/Parcial/2018-2/Examen-Preg-02/Func-Ex-Preg01.cpp</file>
        </group>
    </open-files>
</project-private>
