56916928,Zuniga Rivero Nicolas,5683.23
80061859,Prado Laura Richard Henrry Alonso,6546.20
95034958,Figueroa Chavez Fernando,17945.82
16567290,Sueldo Epiquen Henrry Martin,5893.29
15226739,Fernandez Epiquen Adria,6068.81
18063291,Falcon Cuba Alonso Jesus,5728.87
45351964,Quispe Berrocal Victoria Marina Blanca,7093.91
68367518,Zavaleta Quio Melvin Edgar,6621.65
66466160,Martinez Aquino Yvonne,6116.76
99243097,Ortiz Durand Raul,37773.95
81196295,Baca Canales Martha Lourdes,234.87
87343838,Miranda Rodriguez Javier,15576.72
85544163,Saavedra Gonzales Wilmer,6010.47
49751038,Aranda Torrealba Jenny Ines,5977.20
31935151,Diaz Tang Enrique,5959.01
76816321,Carbajal Mendoza Julio,36844.61
25907410,Toro Wong Amaru,15677.73
13940253,Figueroa Medina Madeleine,6427.73
83370227,Gavidia Mendoza Ronald Johnny,6646.64
59096628,Pasquel Quio Surami Janet Cinthia,38287.54
45669280,Avila Quiroga Edric,16623.28
47478149,Loyola Sinche Javier Julian,7215.79
26314028,Vilca Contreras Surami Yvonne,2245.36
50884616,Iparraguirre Miranda Rene Fanny,6801.90
82380551,Prado Espinoza Milagros,16961.15
29802998,Rodriguez Moreno Blanca Ofelia,15281.92
13570540,Valverde Maeireizo Melvin Jair,6646.39
85329880,Preciado Cortez Marina,6209.01
95387769,Barrios Sanchez Henrry Emilio,6293.68
68852702,Zambrano Moscoso Ofelia Maria,17600.35
56203179,Vega Saenz Alexander Richard,7476.88
97730632,Pinto Rojas Juvenal Francisco Emilio,5576.19
93237506,Espinoza Chang Shirley,17494.70
69804565,Serrano Chavarri Roberto,7086.39
77649386,Pairazaman Raffo Tatiana Delicia,2031.32
89580343,Lozada Arguedas Felicita Valentina,36535.31
41547186,Retamoso Vargas Julian Edgard,6058.89
64809651,Minaya Berrocal Heli,6380.16
71847289,Paz Zevallos Walter Manuel Erick,16902.15
88777135,Hijar Lam Martin,5592.69
58128178,Yoshinari Arroyo Diana Maritza,36992.95
99358244,Vera Forzani Carmen Rene,16510.27
30719323,Vasquez Paz Alex Martin,44834.62
69092262,Tokeshi Guevara Jaime,6513.19
67787438,Yep Valderrama Rony,44941.79
36086508,Sueldo Baca Silvia Virginia,1111.11
19501071,Wong Maeireizo Beatriz,6145.35
97779161,Delgado Florian Guillermo,6466.38
42038626,Suarez Adams Eloisa Virginia,2157.92
44606690,Solis Chung Rolando,36196.66
72686783,Rivera Bolanos Martha Victoria,2249.53
18748123,Forzani Caro Alonso,7227.80
89909284,Florian Cuba Christian,17640.91
86310821,Carbajal Salas Magda Zkenia,44755.77
39948656,Ayala Vizcardo Edgar Manuel,17272.68
13541419,Saenz Guevara Rosario,7342.73
49861153,Mejia Zamora Roberto Jaime,6129.64
14291541,Ruiz Zevallos Walter Rony,38112.57
24512683,Zevallos Flores Raul Gustavo,15483.83
73811105,Asmad Acuna Annie Ofelia,15215.99
46689628,Estrada Fuentes Erika,6843.51
15649688,Leiva Zevallos Alfonso Rafael,51735.89
16987059,Ortiz Huayanay Ronald,6582.55
82364171,Zavaleta Zamora Giovana Rene,5716.36
18829448,Arca Amezquita Edric Ronald,0.00
16583692,Maeireizo Vasquez Lourdes Silvia,7182.11
19542431,Montero Valderrama Estefania Monica,6395.60
27702945,Adams Mori Humberto Henry,44873.33
81036704,Arroyo Zarate Eloy,5590.55
93290876,Amezquita Epiquen Evert Roberto,16333.94
91471566,Gamarra Ortega Cesar Jose,5547.10
23229804,Laura Wong Melvin Henrry,16576.69
38391946,Medina Merel Magali,6739.84
50495188,Baca Camacho Milagros Natalia Isabel,7442.46
82961979,Patino Chung Beatriz Rosa,44783.86
19390855,Zuniga Yino Guillermo Arturo,2005.29
18454019,Zimic Paredes Shirley,36614.36
49332000,Zuniga Vilcara Zkenia Eveling,2176.33
11199943,Mejia Haza Francisco Edgar,2109.60
