A,LOZADA/YINO/MARTHA,92419,San Isidro,4,Ing. Mecanica,EEGGCC
P,SANTISTEBAN/MEZA/ROSA,2506,Pachacamac,CON,TP,Derecho civil,Bachiller
P,MALDONADO/RAMIREZ/SILVANA,2160,Brena,CON,TP,Pintura,Licenciado
P,MEJIA/DIAZ/BLANCA MILAGROS,2181,San Juan de Miraflores,PRI,TPA,Escultura,Magister
A,CAMACHO/AGUERO/ELIA ROSA,67560,El Agustino,2,Ing. Civil,EEGGCC
A,CORREA/VIZCARDO/MIGUEL,50139,Punta Hermosa,4,Ing. Mecanica,EEGGCC
A,HENRIQUEZ/ESPINO/BEATRIZ,74926,Lince,1,Ing. Civil,FCI
P,WONG/MARTEL/MADELEINE,7882,Ancon,ASO,TPA,Pintura,Bachiller
A,FERNANDEZ/ORTEGA/ELIZABETH ELIZABETH,98008,Cieneguilla,3,Ing. Mecanica,FCI
A,VASQUEZ/PAZ/ALEX MARTIN,98202,Lurin,4,Ing. Mecanica,EEGGCC
A,CARO/POLO/SANDRO,69791,Los Olivos,5,Ing. Informatica,FCI
P,HERNANDEZ/BARRIOS/EMILIO,2489,Comas,PRI,TPA,Derecho civil,Doctor
P,PISCOYA/BRAVO/CESAR BRUNO,1354,Ancon,PRI,TC,Economia,Licenciado
P,DIAZ/ANTEZANO/MAGALI SILVANA,8791,Ate,PRI,TPA,Economia,Bachiller
A,SALAS/AGUERO/DANIEL,36466,Santa Rosa,1,Ing. Civil,FCI
P,SHIRAKAWA/MIRANDA/MADELEINE,6113,Pueblo Libre,CON,TC,Derecho penal,Licenciado
P,ARROYO/GORDILLO/MARIA HELI,1677,San Juan de Miraflores,PRI,TP,Derecho penal,Doctor
A,LANDEO/SUELDO/ADOLFO,26685,Cieneguilla,2,Ing. Civil,EEGGCC
A,MEDINA/VELASQUEZ/MILENA JENNY,55472,San Juan de Miraflores,3,Ing. Mecanica,FCI
A,MEJIA/HAZA/FRANCISCO EDGAR,52106,Pueblo Libre,1,Ing. Civil,FCI
A,CORRALES/TSUKAZAN/IRMA LOURDES,52680,Independencia,4,Ing. Mecanica,EEGGCC
P,FORZANI/CARO/ALONSO,6453,San Bartolo,CON,TPA,Derecho penal,Licenciado
P,RAFFO/ARIAS/SURAMI ANNIE,5117,Lurin,CON,TPA,Derecho civil,Licenciado
P,DIAZ/CORREA/IRMA VIRGINIA,4399,Carabayllo,AUX,TPA,Civil,Licenciado
A,LAURA/WONG/MELVIN HENRRY,40825,Santa Rosa,4,Ing. Mecanica,EEGGCC
P,PINTO/CALIXTO/SHIRLEY,7539,Puente Piedra,CON,TPA,Derecho civil,Doctor
P,CERNA/PAIRAZAMAN/FIORELLA MARGOT,3309,Surquillo,AUX,TC,Derecho penal,Doctor
A,PAREDES/PATINO/CHRISTIAN,41668,San Miguel,3,Ing. Mecanica,FCI
P,REYES/TANG/EDWARD,4341,Barranco,ASO,TC,Informatica,Bachiller
A,BENAVENTE/AYALA/VIRGINIA IRMA,78376,Santa Anita,2,Ing. Civil,EEGGCC
P,MENDOZA/EGUSQUIZA/ROSARIO,6054,Santa Rosa,ASO,TPA,Psicologia,Licenciado
A,PAIRAZAMAN/ALAMO/MOISES MIGUEL,90775,Independencia,1,Ing. Civil,FCI
P,PRADO/FALCON/EDGAR RICHARD,3415,Independencia,CON,TP,Informatica,Licenciado
P,CHUMPITAZ/IBEROS/RONAL,9248,Santa Rosa,PRI,TC,Mecanica,Magister
A,VILLA/YALLICO/TATIANA NANCY,81789,San Martin de Porres,3,Ing. Mecanica,FCI
P,RAFFO/CHUNG/ADRIA GLORIA,4113,Villa Maria del Triunfo,PRI,TC,Derecho civil,Magister
A,PALOMARES/VERA/HENRRY HUMBERTO,23387,Santiago de Surco,2,Ing. Civil,EEGGCC
A,AURIS/ZIMIC/JAVIER DANIEL,99050,Chaclacayo,1,Ing. Civil,FCI
A,AQUINO/TORO/VALENTINA ROCIO,79138,Santa Maria del Mar,3,Ing. Mecanica,FCI
A,VELASQUEZ/HUAYANAY/EDGARD HENRY,23604,Independencia,3,Ing. Mecanica,FCI
A,CORONEL/CHUMPITAZ/HELI,66377,Jesus Maria,3,Ing. Mecanica,FCI
P,ROMERO/PALOMARES/GLORIA TATIANA,6939,Santiago de Surco,PRI,TPA,Derecho civil,Licenciado
P,VEGA/GARCIA/JANET REBECA,5159,Barranco,ASO,TPA,Pintura,Licenciado
A,NORABUENA/PRECIADO/CINTHIA,98828,Santa Rosa,4,Ing. Mecanica,EEGGCC
P,DELGADO/GONZALES/GUILLERMO ALFONSO,2519,Surquillo,AUX,TPA,Derecho civil,Bachiller
A,PORTUGAL/BENAVENTE/JOHANA GLORIA,49619,San Juan de Lurigancho,5,Ing. Informatica,FCI
A,JUSTINO/FORZANI/ERICKA VICTORIA,97172,Pueblo Libre,4,Ing. Mecanica,EEGGCC
A,JUSTINO/CRUZ/WILLIAMS,32123,Lince,3,Ing. Mecanica,FCI
A,PRADO/VERGEL/CARLOS JULIAN,17572,Santa Rosa,5,Ing. Informatica,FCI
A,LANDA/PISCOYA/CHRISTIAN,23822,Santa Maria del Mar,5,Ing. Informatica,FCI
A,MIYAKE/MEREL/MADELEINE YLIANA,62100,Jesus Maria,1,Ing. Civil,FCI
A,MORALES/VALVERDE/INES MARTHA,59519,Lurigancho-Chosica,4,Ing. Mecanica,EEGGCC
P,SALAZAR/CORRALES/LORENA IRMA,5751,San Juan de Lurigancho,ASO,TC,Mecanica,Licenciado
A,INGA/FLORES/CESAR ADOLFO,44573,Chorrillos,1,Ing. Civil,FCI
P,SHIRAKAWA/ORTEGA/ANGEL,4066,Pueblo Libre,AUX,TC,Derecho civil,Bachiller
P,CHUNG/LEE/ALVARO,5882,Lurin,ASO,TC,Economia,Licenciado
A,CERNA/DURAND/MARTIN,22048,Lurigancho-Chosica,1,Ing. Civil,FCI
P,PEREZ/FARFAN/RICHARD SANDRO,9570,San Miguel,ASO,TP,Psicologia,Magister
A,ARCA/AMEZQUITA/EDRIC RONALD,89341,Santa Rosa,3,Ing. Mecanica,FCI
A,CABRERA/CANALES/GUILLERMO EDRIC,83179,Ate,4,Ing. Mecanica,EEGGCC
P,CASTRO/SUAREZ/ROLANDO,1526,Barranco,CON,TC,Psicologia,Bachiller
A,PASQUEL/QUIO/SURAMI JANET,77257,Cieneguilla,1,Ing. Civil,FCI
P,CABRERA/LUNA/SHIRLEY ISABEL,3442,San Isidro,ASO,TPA,Informatica,Magister
P,VALVERDE/FLORES/IRMA YDALI,1639,Chaclacayo,PRI,TC,Civil,Licenciado
P,CERNA/HIJAR/JOSE ROLANDO,8246,San Bartolo,ASO,TP,Civil,Bachiller
