17607637,Sedano Elia,XP0085
16962503,Cabrera Fanny,BH3100,KK3749,OM5321
70519608,Rios Ines,KZ6738,PY0488,SC2766,IY9659
60284331,Chavez Johan,EY3065,NL2557
70112499,Lozada Delia,UC1640,AS9501,BZ7395,EF7349,IY9659
76259375,Romero Gloria,DC5635
93546899,Martel Bruno,ER2937
52819190,Calderon Rhony,NR4482,SC2766,JJ8861,GE8514,QY4518,AS9501
62541272,Tokeshi Jaime,PS1579
78530722,Mejia Francisco,XG5854,RU3649,DC5635,OO4960,ZF7975,UZ6069
90344401,Infantes Luis,UK4282,PS1579,TD5907
89590109,Rivero Wilver,AI7921,JT9902,UZ6069
53204593,Hijar Williams,OM5321
68642548,Forzani Alonso,OO4960,XG5854,DC5635,EL6860
30312768,Suarez Amaru,MZ5806,JJ8861,SX7522,AI7921,KK3749,IY9659
79391070,Sam Ines,DY8425,JP1675,ZF7975,VV6733
63278554,Merel Annie,OM5321,NN8875,RN0673,JP1675
90038440,Casanova Maritza,ZF7975,OO4960
34127472,Serrano Arturo,CV6657,NN8875,EF7349,PW5521,EF3635
14305735,Ayala Ericka,UK4282,NR4482
57748957,Mendoza Rosario,JJ8861,HV6319
16670882,Coronado Johan,EP9684,QQ0205
21420774,Sueldo Luis,SX7522,UP4621,RP9394,PW5521
87727460,Henriquez Silvana,RP9394,ZF7975,NL2557,JJ8861,PY0488,TD5907
28109328,Cortes Raul,OM6583
48908620,Vega Gonzalo,RY6519,UC1640,KP8208,TD5907
88283783,Castro Rolando,OM6583,UV2257,OQ5947
39652879,Avila Jaime,UT7122
63250786,Baca Milagros,EL3985,CV6657,SC2766,GQ8306
57193586,Henriquez Alex,TD5907,AY9196,RN0673
70695301,Vasquez Alex,CV6657,XP0085,QY4518,UK4282
72179933,Chumpitaz Ronal,IU1945,OM5321
76570914,Alamo Miguel,UC1640,EP9684,RN0673
36715990,Gordillo Yvonne,WG6535,YH4590,EP9684,KZ6738,TF7016,DY8425
79261086,Henriquez Beatriz,WG6535,EY3065,AP2529,IO4267
20931663,Prado Juan,AI7921,JT9902,DY8425,KK3749,BZ7395,WG6535
61932998,Farfan Elizabeth,DY8425,AI7921,PS1579,EP9684,OO4960
36110054,Maldonado Silvana,NL2557,KK3749,JH5795,GE8514,PA0853,UZ6069
86802874,Justino Enrique,IY9659,OQ5947
79654055,Vega Janet,UT7122,ZF7975,EF7349
35190925,Florian Ydali,PW5521,QI9476,AI7921,PS1579
81418336,De_La_Haza Alberto,IO4267,HV6319
91335450,Urbina Heli,SC2766,WG6535,VV6733,XG5854,RU3649,GQ8306
16520470,Norabuena Hector,AY9196,RN0673
11999280,Figueroa Madeleine,IO4267,CV6657,GE8514,GQ8306,OM5321
62622196,Durand Waldemar,DC5635,OQ5947,SX7522,GH5909
44444550,Zavaleta Ericka,RY6519,CQ4029,CI2279
18891253,Justino Ericka,AP2529,MT2583,WG6535,RY6519,CQ4029
30375706,Contreras Johana,CQ4029,DY8425,GH5909,SX7522
41284966,Calixto Monica,NN8875,HV6319,PY0488,MT2583,PK0790,CQ4029
61847557,Vega Carmela,TD5907,VV6733
52915484,Jauregui Victor,EF7349,NL2557,PA0853,QY4518,GE8514
50477836,Salas Magda,DC5635,PW5521,UV2257,IQ3200,QY4518
45742806,Villegas Felicita,XP0085,NR4482,NZ5630,RN0673
82717251,Castillo Eloisa,RH6857,EP9684,NZ5630
78582660,Gordillo Ronald,DY8425
43761853,Iparraguirre Nicolas,XP0085,RU3649,OQ5947,GE8514,BZ7395
98975227,Yep Richard,EL6860,DY8425
13198578,Prado Milagros,NN8875,PK0790,ER2937,JT9902
75660629,Rosemberg Julio,ZF7975,KP8208,YH4590,OQ5947,PS1579
36830631,Serrano Francisco,RN0673,PA0853,PS1579,GH5909,ZF7975,WG6535
91705655,Hijar Martin,XP0085,KK3749,CQ4029,PW5521,AS9501,GE8514
30886776,Maldonado Johana,TD5907
62791457,Chung Alvaro,PK0790
64876157,Pasquel Surami,JP1675,ER2937,EL3985,EF7349,QY4518
97100234,Vilcara Victor,PS1579,AP2529,WG6535,UK4282
92962710,Coronel Heli,HV6319,TF7016
48909301,Retamoso Oscar,DY8425
71154019,Henriquez Paul,AI7921,XA3792,CI2279
72724336,Chumpitaz Virginia,QI9476,CQ4029,EL3985
55889387,Rondon Alexander,PW5521,NZ5630,QI9476,RU3649,UP4621,PS1579
51720145,Pairazaman Tatiana,NR4482,RY6519,JD9616,SC2766,BZ7395
76087487,Yoshinari Paul,MT2583,JP1675
38159532,Villa Tatiana,RH6857,UT7122
44708366,Rivero Hector,EP9684,NL2557,UK4282
26736861,Correa Miguel,RU3649,TD5907,CV6657,DY8425,EY3065,QQ0205
47835292,Fuentes Patricia,EY3065,UT7122
50174115,Asmad Adria,AY9196,RU3649,WG6535,OQ5947
42218739,Sueldo Adria,UT7122,PS1579,AS9501,PW5521,KK3749,UP4621
81438974,Bravo Janet,AI7921,EL3985,OM6583
54381085,Calixto Erick,IO4267,XG5854,CI2279
88473577,Justino Williams,JT9902,OM6583,KZ6738,HV6319,PA0853
96143718,Diaz Magali,NL2557,JH5795,OQ5947,IY9659
85793477,Mejia Christian,CQ4029,UP4621
71969845,Cerna Fiorella,EP9684,RY6519
40613776,Justino Virginia,AP2529
52986658,Barrios Carlos,KZ6738,TF7016,EY3065,IO4267
91248050,Ruiz Carola,OO4960,JP1675,PY0488
56113780,Reyes Edward,IQ3200
53339543,Epiquen Enrique,GH5909,XA3792,RN0673
59428921,Prado Edgar,RN0673,KZ6738,MZ5806
22095158,Fuentes Hugo,CQ4029,RH6857
56917193,Norabuena Cinthia,PA0853,NL2557,YH4590,DC5635
16431208,Arroyo Maria,AP2529,XG5854,UV2257,MZ5806,KP8208,GQ8306
91986885,Wong Madeleine,RU3649,GH5909,EL6860,GQ8306,KP8208
78528452,Vizcardo Maribel,AP2529,NL2557,JH5795,IY9659,UP4621
48630613,Vega Henrry,NL2557,OQ5947,EL6860,JD9616,YH4590,RH6857
81658514,Benites Fiorella,AI7921,GQ8306
71260238,Ruiz Walter,EF3635
30781922,Hernandez Guillermo,JT9902,WG6535,TD5907,JD9616,PA0853,AP2529
99738992,Landa Christian,JT9902,GQ8306,RH6857,QQ0205
88676066,Chavez Silvana,XP0085,RU3649
60453071,Fernandez Elizabeth,KP8208,DC5635,JD9616,AP2529,JT9902,RH6857
21835262,Urbina Magda,ZF7975,JT9902,GH5909,NN8875,RP9394,XG5854
61995385,Romero Jenny,SX7522,XA3792,JD9616
23765646,Zarate Humberto,MZ5806,SC2766,UP4621,XA3792,JJ8861,IO4267
58930275,Camacho Ydali,GQ8306,XP0085,NN8875,XA3792
49085506,Shirakawa Madeleine,HV6319,XA3792,EY3065
98278749,Villegas Doris,MZ5806,UV2257,QQ0205,JH5795,EL6860,OQ5947
93933062,Astete Guida,TF7016
76659067,Salamanca Virginia,UT7122,NR4482,MZ5806,OM5321,BZ7395,EP9684
97396725,Urbina Rafael,AP2529,UP4621,KP8208,JP1675,JT9902,UV2257
87986232,Gonzales Giovana,OQ5947,YH4590,IO4267
77414342,Suarez Rafael,UP4621,YH4590,EF3635,RH6857
13902304,De_La_Cuba Lucero,MZ6529
22006519,Pinto Juvenal,PA0853,IU1945,OQ5947,TD5907
44882131,Soma Lourdes,GQ8306,IY9659,MZ6529,MT2583,NR4482
86199093,Florencio Alonso,UZ6069,EP9684,GE8514,RH6857
52101278,Lozada Martha,JT9902,BH3100,CV6657,PY0488,KK3749,YH4590
90849620,Cruz Johana,UC1640,VV6733,CI2279
34558751,Solis Rolando,OM6583,AS9501,DY8425,XG5854,UT7122
16842248,Moscoso Janet,IQ3200,BZ7395,EL6860
22294136,Lozada Heli,UV2257,PW5521,IQ3200,JP1675,GQ8306
50165552,Trigueros Arturo,JH5795,GE8514,RU3649,HV6319
95674888,Cerna Cinthia,NL2557
56383779,Auris Javier,QQ0205,XG5854,OM5321,OO4960,EP9684
80690019,Laura Melvin,XP0085,AP2529,OQ5947
12263204,Salas Daniel,EP9684,NN8875
81696554,Ayala Edgar,UZ6069
65829047,Retamoso Delia,CI2279,PK0790,NZ5630,JH5795,AP2529,DY8425
48544454,Montero Annie,AY9196
17171028,Espinoza Shirley,ZF7975,CI2279,PY0488,NN8875
74402826,Arca Edric,IY9659,JH5795,MT2583
73701324,Mejia Ines,NR4482
81877103,Arca Lucero,PK0790,AP2529,OM5321,JJ8861,CI2279,SC2766
84829305,Sueldo Antonio,JP1675,IO4267
40119187,Camacho Elia,IO4267,PA0853,JH5795,EY3065,PW5521,TF7016
70123539,Corrales Irma,ZF7975
25800565,Piscoya Cesar,MZ6529,VV6733
11553557,Diaz Elia,JH5795,PA0853,EY3065,UT7122,ER2937
51219082,Luna Waldemar,IO4267,QI9476,OM6583,XG5854
59535105,Minaya Heli,VV6733,IY9659,NR4482,AI7921,GH5909
58104662,Florian Jose,RU3649,JJ8861
38658443,Vargas Daniel,PY0488,YH4590,JD9616
90684914,Miyake Madeleine,PS1579,MT2583
23728998,Sinche Martha,UV2257,JD9616,AP2529
74943699,Miranda Alfonso,EF7349,PY0488,QQ0205
82291915,Cerna Martin,RP9394
56343286,Hernandez Emilio,QY4518,VV6733,GH5909,OM6583
39261432,Perez Richard,GQ8306,NZ5630,GH5909,RU3649
77261935,Morales Ines,MZ5806,AP2529,PA0853
46313638,Antezano Teresa,CQ4029,JP1675,AY9196
13034387,Villa Ronal,GH5909,JP1675,RY6519
18907009,Cabrera Shirley,PS1579,RU3649
64942077,Zuniga Rebeca,MZ6529,EL3985,EF7349,OM5321,BZ7395
96950473,Valverde Rony,YH4590
54357577,Amezquita Evert,AI7921,AS9501,NL2557,TF7016
88921684,Diaz Waldemar,IO4267
65700320,Mercado Elia,RP9394,MT2583,NN8875,ZF7975
87798109,Solis Maria,PA0853,EL3985,NR4482,YH4590,ZF7975,NN8875
41749043,Soma Eloisa,NN8875,JP1675,QI9476
32498991,Patino Delicia,EY3065,SX7522
52055020,Calderon Guillermo,CI2279,GH5909,GE8514,MZ6529,XP0085,NL2557
59041018,Diaz Enrique,KP8208,RY6519,EF7349,GE8514,JT9902
71527984,Vizcarra Ivan,JT9902,DY8425,NR4482,XG5854,EP9684,IQ3200
99259399,Cabrera Guillermo,QQ0205,CI2279,EY3065
64346156,Zamora Ronal,YH4590
58048428,Pairazaman Moises,IU1945,PW5521,UC1640,SC2766,OQ5947,OM6583
11583249,Suarez Gloria,NZ5630,RH6857,IO4267,AS9501,UK4282,QQ0205
17017864,Ramirez Karina,PW5521,MZ5806,UZ6069,UK4282,JD9616
90831624,Vizcarra Jair,EL6860,PY0488
65851317,Falcon Alex,OM5321,PY0488,PS1579,RY6519
58409378,Hijar Jenny,CI2279,NR4482,OM6583
95760385,Moya Johnny,RH6857,EF7349,CV6657,SC2766
95088110,Zegarra Carmela,KK3749,KZ6738,UT7122,DY8425,AP2529,RP9394
85466437,Caro Sandro,OM5321,UT7122
17346816,Sinche Yvonne,JT9902,EL6860,PY0488,JH5795,PK0790,KP8208
54377463,Benavente Virginia,RP9394,OM6583,MT2583,JH5795,YH4590
78779825,Asmad Annie,UT7122,KZ6738,AP2529,RH6857,JD9616
63484495,Pomajambo Paul,IQ3200,PY0488,KZ6738,RH6857,PK0790,TD5907
72030971,Valverde Melvin,EF3635
29408628,Mejia Blanca,RP9394,KP8208,UT7122
37508700,Suarez Madeleine,GQ8306,IO4267,EF7349,UK4282,XA3792
60094034,Cueva Cinthia,CV6657,NN8875,UT7122,PW5521
17769054,Narvaez Jesus,GE8514,EY3065,GH5909
18300541,Trigueros Luz,EL3985,UP4621,RU3649,SX7522
42766378,Acuna Rocio,MT2583,RY6519,NR4482
84379700,Cerna Jose,CI2279,PA0853,EF7349
72306144,Avila Tatiana,NZ5630,RU3649,OM6583,UT7122
42808544,Salamanca Nestor,CV6657,EF7349,PS1579,PA0853
87458108,Diaz Irma,QQ0205,XG5854,XA3792,ZF7975
34016706,Torrealba Diana,DY8425,AS9501,MT2583
99383620,Arroyo Natalia,AY9196,NR4482,MT2583,RU3649,CQ4029
47877357,Epiquen Guida,JP1675,DY8425
61352168,Escalante Ines,TF7016,TD5907
89763645,Valverde Irma,EF3635,EY3065,PY0488,AS9501
38454880,Villa Martin,CV6657,UT7122,PY0488,EF3635,JP1675,IQ3200
69205145,Inga Cesar,JJ8861,QI9476,UT7122,OM5321,UK4282
56467796,Palomares Henrry,JH5795,OM6583,MT2583
29254513,Delgado Guillermo,JD9616,CI2279,YH4590
19447703,Astete Cesar,KP8208,MZ6529,TF7016,KZ6738
82009586,Martinez Evert,EL3985,AI7921,PA0853,UT7122,RU3649
82314584,Santisteban Rosa,EP9684,OQ5947
43566294,Segura Rony,SX7522,CV6657,IQ3200,TF7016,EY3065
73705320,Ortiz Raul,OM5321,GE8514,UZ6069,QY4518,IY9659,NR4482
75407079,Aquino Valentina,IY9659
46910578,Wong Beatriz,PK0790,OM6583,DC5635,TD5907,UK4282
86249491,Lee Rosario,BH3100,XG5854
15688337,Cano Milagros,XP0085,HV6319,DC5635,EF3635,QI9476
30317150,Farfan Margot,QY4518,GQ8306,NN8875,RU3649,JP1675
21457954,Rosemberg Jair,QI9476,BH3100,AP2529,EP9684
53237772,Rodriguez Blanca,RN0673,EP9684,PK0790,HV6319,OM6583,XP0085
77295617,Carbajal Magda,NL2557,PS1579,RN0673,NZ5630,QQ0205
32033316,Rios Carlos,PS1579
89083026,Yep Alvaro,TF7016,WG6535,DY8425
76365088,Saavedra Wilmer,RY6519,BH3100,NL2557
83516099,Vilca Nestor,MT2583,JJ8861
32502215,Vilcara Magali,UC1640,ER2937,BZ7395,KP8208,ZF7975
81265304,Quiroga Silvana,MZ6529,KZ6738,YH4590
45413172,Gavidia Ronald,JH5795,DC5635
54210699,Velasquez Edgard,VV6733,IY9659
35173856,Pairazaman Alberto,RU3649,RN0673,NL2557
87879355,Zarate Alexander,JH5795,SC2766,JJ8861
55431605,Zavaleta Felicita,BZ7395,JD9616,OO4960,AY9196,BH3100
42511417,Landeo Adolfo,QY4518,OM5321
32053348,Medina Milena,JD9616,UZ6069,TF7016
21373471,Egusquiza Doris,QQ0205,RY6519,EP9684
98910220,Inga Erika,NR4482
90048773,Wong Richard,IQ3200,SX7522,DC5635,AY9196
50212828,Suchero Edgar,CQ4029,EL6860,MZ6529,AI7921,KZ6738
81229659,Tang Johana,YH4590,VV6733,SX7522,JH5795,EP9684,OM6583
24624606,Portugal Johana,XG5854,UP4621,NN8875,UZ6069
38155642,Raffo Rolando,EP9684,AY9196,QQ0205
54863733,Guevara Milena,ER2937,NZ5630
61119229,Lozada Antonio,EF7349,XP0085
26922404,Florian Christian,SC2766,RY6519,RU3649
17438970,Arca Magali,YH4590
46555073,Sakaguchi Carlos,KK3749,EL6860,DC5635
46181740,Durand Miguel,DY8425,UK4282
25463868,Alfaro Erick,AS9501,TF7016
83928944,Pinto Shirley,JD9616,AS9501,OO4960,EL6860,XP0085
95902402,Patino Beatriz,WG6535,GQ8306
51440253,Avila Annie,UT7122
20698653,Sanchez Fiorella,TF7016,RP9394,UC1640,MZ6529,IY9659
78458649,Leyva Nancy,UT7122,NN8875,AI7921
76073320,Figueroa Evert,EY3065,HV6319,DY8425
85480617,Leyva Diana,OM5321,AP2529,UV2257,AY9196
21758358,Paredes Christian,EY3065,UC1640
47037159,Gonzales Henry,OO4960,GE8514
49249193,Barrera Alexander,AS9501,RH6857
92387101,Mendoza Virginia,RU3649,UK4282
25363959,Zambrano Ofelia,AY9196,QQ0205,QY4518
45532063,Prado Carlos,PW5521,DY8425,HV6319,MT2583,RN0673,EF3635
91307225,Valderrama Evert,QQ0205,BH3100,KZ6738,MZ6529
26313021,Shirakawa Angel,QI9476,PK0790,EY3065,YH4590,PA0853
29816897,Raffo Adria,GQ8306,DY8425,BZ7395
67469124,Lozada Felicita,XG5854
87549107,Pena Glenda,EF3635
38628182,Iberos Rafael,EY3065,BZ7395,OQ5947,NR4482,JT9902
65712223,Lau Monica,KZ6738,UC1640,GH5909,JJ8861
35717091,Escalante Emigdio,AY9196,MZ6529,EY3065,YH4590,CQ4029,ER2937
37256898,Morales Karin,QY4518,DY8425,RU3649
54393864,Cortez Carmela,QY4518,AI7921
14500878,Salazar Lorena,AP2529
64652269,Chumpitaz Angel,JP1675,RN0673,IO4267,JT9902
20330920,Durand Enrique,AY9196
67772258,Lau Ydali,EP9684,RN0673,IU1945,EF3635,RU3649
31034559,Moscoso Fiorella,XP0085,AS9501,EF3635,JH5795
42817045,Diaz Walter,EL6860,RN0673,UP4621,IY9659,EF7349,EP9684
