<?xml version="1.0" encoding="UTF-8"?>
<project-private xmlns="http://www.netbeans.org/ns/project-private/1">
    <data xmlns="http://www.netbeans.org/ns/make-project-private/1">
        <activeConfTypeElem>1</activeConfTypeElem>
        <activeConfIndexElem>0</activeConfIndexElem>
    </data>
    <editor-bookmarks xmlns="http://www.netbeans.org/ns/editor-bookmarks/2" lastBookmarkId="0"/>
    <open-files xmlns="http://www.netbeans.org/ns/projectui-open-files/2">
        <group>
            <file>file:/T:/EXAMEN2/Pregunta04ListaProductos/Producto.h</file>
            <file>file:/T:/EXAMEN2/Pregunta04ListaProductos/PalletEU.cpp</file>
            <file>file:/T:/EXAMEN2/Pregunta04ListaProductos/Pedido.cpp</file>
            <file>file:/T:/EXAMEN2/Pregunta04ListaProductos/Producto.cpp</file>
            <file>file:/T:/EXAMEN2/Pregunta04ListaProductos/NodoPallet.cpp</file>
            <file>file:/T:/EXAMEN2/Pregunta04ListaProductos/PalletUS.cpp</file>
            <file>file:/T:/EXAMEN2/Pregunta04ListaProductos/NodoPallet.h</file>
            <file>file:/T:/EXAMEN2/Pregunta04ListaProductos/main.cpp</file>
            <file>file:/T:/EXAMEN2/Pregunta04ListaProductos/Faltante.h</file>
            <file>file:/T:/EXAMEN2/Pregunta04ListaProductos/NodoProducto.cpp</file>
            <file>file:/T:/EXAMEN2/Pregunta04ListaProductos/Faltante.cpp</file>
            <file>file:/T:/EXAMEN2/Pregunta04ListaProductos/Cliente.cpp</file>
            <file>file:/T:/EXAMEN2/Pregunta04ListaProductos/ListaPallets.h</file>
            <file>file:/T:/EXAMEN2/Pregunta04ListaProductos/NodoProducto.h</file>
            <file>file:/T:/EXAMEN2/Pregunta04ListaProductos/ListaProductos.cpp</file>
            <file>file:/T:/EXAMEN2/Pregunta04ListaProductos/Prueba.h</file>
            <file>file:/T:/EXAMEN2/Pregunta04ListaProductos/Pallet.cpp</file>
            <file>file:/T:/EXAMEN2/Pregunta04ListaProductos/Pedido.h</file>
            <file>file:/T:/EXAMEN2/Pregunta04ListaProductos/Cliente.h</file>
            <file>file:/T:/EXAMEN2/Pregunta04ListaProductos/PalletPE.cpp</file>
            <file>file:/T:/EXAMEN2/Pregunta04ListaProductos/BasePallet.cpp</file>
            <file>file:/T:/EXAMEN2/Pregunta04ListaProductos/Prueba.cpp</file>
            <file>file:/T:/EXAMEN2/Pregunta04ListaProductos/ListaPallets.cpp</file>
            <file>file:/T:/EXAMEN2/Pregunta04ListaProductos/ListaProductos.h</file>
            <file>file:/T:/EXAMEN2/Pregunta04ListaProductos/BasePallet.h</file>
        </group>
    </open-files>
</project-private>
