<?xml version="1.0" encoding="UTF-8"?>
<configurationDescriptor version="100">
  <logicalFolder name="root" displayName="root" projectFiles="true" kind="ROOT">
    <logicalFolder name="HeaderFiles"
                   displayName="Header Files"
                   projectFiles="true">
      <itemPath>AlIntercambio.h</itemPath>
      <itemPath>AlRegular.h</itemPath>
      <itemPath>Alumno.h</itemPath>
      <itemPath>BaseAlum.h</itemPath>
      <itemPath>ListaAlumnos.h</itemPath>
      <itemPath>ListaNotas.h</itemPath>
      <itemPath>NodoAlumno.h</itemPath>
      <itemPath>NodoNota.h</itemPath>
      <itemPath>Nota.h</itemPath>
    </logicalFolder>
    <logicalFolder name="ResourceFiles"
                   displayName="Resource Files"
                   projectFiles="true">
    </logicalFolder>
    <logicalFolder name="SourceFiles"
                   displayName="Source Files"
                   projectFiles="true">
      <itemPath>AlIntercambio.cpp</itemPath>
      <itemPath>AlRegular.cpp</itemPath>
      <itemPath>Alumno.cpp</itemPath>
      <itemPath>BaseAlum.cpp</itemPath>
      <itemPath>ListaAlumnos.cpp</itemPath>
      <itemPath>ListaNotas.cpp</itemPath>
      <itemPath>NodoAlumno.cpp</itemPath>
      <itemPath>NodoNota.cpp</itemPath>
      <itemPath>Nota.cpp</itemPath>
      <itemPath>main.cpp</itemPath>
    </logicalFolder>
    <logicalFolder name="TestFiles"
                   displayName="Test Files"
                   projectFiles="false"
                   kind="TEST_LOGICAL_FOLDER">
    </logicalFolder>
    <logicalFolder name="ExternalFiles"
                   displayName="Important Files"
                   projectFiles="false"
                   kind="IMPORTANT_FILES_FOLDER">
      <itemPath>Makefile</itemPath>
    </logicalFolder>
  </logicalFolder>
  <projectmakefile>Makefile</projectmakefile>
  <confs>
    <conf name="Debug" type="1">
      <toolsSet>
        <compilerSet>default</compilerSet>
        <dependencyChecking>true</dependencyChecking>
        <rebuildPropChanged>false</rebuildPropChanged>
      </toolsSet>
      <compileType>
      </compileType>
      <item path="AlIntercambio.cpp" ex="false" tool="1" flavor2="0">
      </item>
      <item path="AlIntercambio.h" ex="false" tool="3" flavor2="0">
      </item>
      <item path="AlRegular.cpp" ex="false" tool="1" flavor2="0">
      </item>
      <item path="AlRegular.h" ex="false" tool="3" flavor2="0">
      </item>
      <item path="Alumno.cpp" ex="false" tool="1" flavor2="0">
      </item>
      <item path="Alumno.h" ex="false" tool="3" flavor2="0">
      </item>
      <item path="BaseAlum.cpp" ex="false" tool="1" flavor2="0">
      </item>
      <item path="BaseAlum.h" ex="false" tool="3" flavor2="0">
      </item>
      <item path="ListaAlumnos.cpp" ex="false" tool="1" flavor2="0">
      </item>
      <item path="ListaAlumnos.h" ex="false" tool="3" flavor2="0">
      </item>
      <item path="ListaNotas.cpp" ex="false" tool="1" flavor2="0">
      </item>
      <item path="ListaNotas.h" ex="false" tool="3" flavor2="0">
      </item>
      <item path="NodoAlumno.cpp" ex="false" tool="1" flavor2="0">
      </item>
      <item path="NodoAlumno.h" ex="false" tool="3" flavor2="0">
      </item>
      <item path="NodoNota.cpp" ex="false" tool="1" flavor2="0">
      </item>
      <item path="NodoNota.h" ex="false" tool="3" flavor2="0">
      </item>
      <item path="Nota.cpp" ex="false" tool="1" flavor2="0">
      </item>
      <item path="Nota.h" ex="false" tool="3" flavor2="0">
      </item>
      <item path="main.cpp" ex="false" tool="1" flavor2="0">
      </item>
    </conf>
    <conf name="Release" type="1">
      <toolsSet>
        <compilerSet>default</compilerSet>
        <dependencyChecking>true</dependencyChecking>
        <rebuildPropChanged>false</rebuildPropChanged>
      </toolsSet>
      <compileType>
        <cTool>
          <developmentMode>5</developmentMode>
        </cTool>
        <ccTool>
          <developmentMode>5</developmentMode>
        </ccTool>
        <fortranCompilerTool>
          <developmentMode>5</developmentMode>
        </fortranCompilerTool>
        <asmTool>
          <developmentMode>5</developmentMode>
        </asmTool>
      </compileType>
      <item path="AlIntercambio.cpp" ex="false" tool="1" flavor2="0">
      </item>
      <item path="AlIntercambio.h" ex="false" tool="3" flavor2="0">
      </item>
      <item path="AlRegular.cpp" ex="false" tool="1" flavor2="0">
      </item>
      <item path="AlRegular.h" ex="false" tool="3" flavor2="0">
      </item>
      <item path="Alumno.cpp" ex="false" tool="1" flavor2="0">
      </item>
      <item path="Alumno.h" ex="false" tool="3" flavor2="0">
      </item>
      <item path="BaseAlum.cpp" ex="false" tool="1" flavor2="0">
      </item>
      <item path="BaseAlum.h" ex="false" tool="3" flavor2="0">
      </item>
      <item path="ListaAlumnos.cpp" ex="false" tool="1" flavor2="0">
      </item>
      <item path="ListaAlumnos.h" ex="false" tool="3" flavor2="0">
      </item>
      <item path="ListaNotas.cpp" ex="false" tool="1" flavor2="0">
      </item>
      <item path="ListaNotas.h" ex="false" tool="3" flavor2="0">
      </item>
      <item path="NodoAlumno.cpp" ex="false" tool="1" flavor2="0">
      </item>
      <item path="NodoAlumno.h" ex="false" tool="3" flavor2="0">
      </item>
      <item path="NodoNota.cpp" ex="false" tool="1" flavor2="0">
      </item>
      <item path="NodoNota.h" ex="false" tool="3" flavor2="0">
      </item>
      <item path="Nota.cpp" ex="false" tool="1" flavor2="0">
      </item>
      <item path="Nota.h" ex="false" tool="3" flavor2="0">
      </item>
      <item path="main.cpp" ex="false" tool="1" flavor2="0">
      </item>
    </conf>
  </confs>
</configurationDescriptor>
