R,20160658,Arca/Amezquita/Edric Ronald,Ingenieria Mecanica,FCI
R,20119778,Morales/Valverde/Ines Martha,Ingenieria Informatica,EEGGCC
I,5258,Gavidia/Mendoza/Ronald Johnny,Japon,Japones,2
R,20150564,Auris/Zimic/Javier Daniel,Matematicas,FCI
R,20080667,Lozada/Yino/Martha,Matematicas,FCI
R,20127352,Justino/Cruz/Williams,Ingenieria Mecanica,EEGGCC
I,5395,Alamo/Pairazaman/Miguel Roberto,Austria,Aleman,1
R,20120476,Henriquez/Espino/Beatriz,Ingenieria Informatica,EEGGCC
R,20160119,Paredes/Patino/Christian,Ingenieria Informatica,FCI
R,20109738,Caro/Polo/Sandro,Ingenieria Mecanica,EEGGCC
R,20003541,Cabrera/Canales/Guillermo Edric,Ingenieria Informatica,FCI
I,4450,Vega/Munoz/Gonzalo,Filipinas,Ingles,1
I,7613,Cortez/Segura/Carmela Ines,Alemania,Aleman,3
R,20170596,Portugal/Benavente/Johana Gloria,Ingenieria Mecanica,FCI
I,9442,Florian/Morales/Ydali,Brasil,Portuges,1
I,2075,Moya/Aranda/Johnny,Colombia,Castellano,2
R,20083333,Laura/Wong/Melvin Henrry,Ingenieria Mecanica,FCI
I,6702,Calixto/Tomasiche/Monica Doris,Australia,Ingles,3
I,1994,Ruiz/Gordillo/Carola Erika,Puerto Rico,Ingles,2
R,20097877,Coronel/Chumpitaz/Heli,Fisica,FCI
I,8528,Zarate/Del_Pozo/Humberto Antonio,Ucrania,Ruso,3
R,20164217,Palomares/Vera/Henrry Humberto,Fisica,EEGGCC
I,6553,Coronado/Figueroa/Johan,EEUUAA,Inges,2
I,1346,Hijar/Pairazaman/Jenny Delicia,Camerun,Frances,1
R,20110165,Landeo/Sueldo/Adolfo,Ingenieria Informatica,EEGGCC
I,6965,Antezano/Segura/Teresa Delia,Bolivia,Castellano,3
R,20167828,Pasquel/Quio/Surami Janet,Fisica,EEGGCC
